timestamp_est,timestamp_ms,event_slug,formatted_slug,trigger,decision,reason,best_outcome,best_price,threshold,limit_price,order_id,price_source,raw_prices
2026-02-24 13:43:03.764,1771958583764,eth-updown-15m-1771957800,eth-15min-up-or-down-2026-02-24-13:30,tick_size:0.01->0.001,TRADE,Signal & Price eligibility met,Up,0.9900,0.800,0.999,unknown,WebSocket,Up:0.990*|Down:0.085*
2026-02-24 13:43:04.483,1771958584483,eth-updown-15m-1771957800,eth-15min-up-or-down-2026-02-24-13:30,tick_size:0.01->0.001,TRADE,Signal & Price eligibility met,Up,0.9900,0.800,0.999,FAILED,WebSocket,Up:0.990*|Down:0.085*
2026-02-24 13:43:05.203,1771958585203,eth-updown-15m-1771957800,eth-15min-up-or-down-2026-02-24-13:30,tick_size:0.001->0.001,TRADE,Signal & Price eligibility met,Up,0.9900,0.800,0.999,FAILED,WebSocket,Up:0.990*|Down:0.085*
2026-02-24 13:43:05.868,1771958585868,eth-updown-15m-1771957800,eth-15min-up-or-down-2026-02-24-13:30,tick_size:0.001->0.001,TRADE,Signal & Price eligibility met,Up,0.9900,0.800,0.999,FAILED,WebSocket,Up:0.990*|Down:0.085*
2026-02-24 13:44:07.318,1771958647318,sol-updown-15m-1771957800,sol-15min-up-or-down-2026-02-24-13:30,tick_size:0.01->0.001,TRADE,Signal & Price eligibility met,Up,0.9900,0.800,0.999,unknown,WebSocket,Up:0.990*|Down:0.365*
2026-02-24 13:44:08.003,1771958648003,sol-updown-15m-1771957800,sol-15min-up-or-down-2026-02-24-13:30,tick_size:0.01->0.001,TRADE,Signal & Price eligibility met,Up,0.9900,0.800,0.999,FAILED,WebSocket,Up:0.990*|Down:0.365*
2026-02-24 13:44:08.683,1771958648683,sol-updown-15m-1771957800,sol-15min-up-or-down-2026-02-24-13:30,tick_size:0.001->0.001,TRADE,Signal & Price eligibility met,Up,0.9900,0.800,0.999,FAILED,WebSocket,Up:0.990*|Down:0.365*
2026-02-24 13:44:09.379,1771958649379,sol-updown-15m-1771957800,sol-15min-up-or-down-2026-02-24-13:30,tick_size:0.001->0.001,TRADE,Signal & Price eligibility met,Up,0.9900,0.800,0.999,FAILED,WebSocket,Up:0.990*|Down:0.365*
2026-02-24 13:44:10.952,1771958650952,btc-updown-15m-1771957800,btc-15min-up-or-down-2026-02-24-13:30,tick_size:0.01->0.001,TRADE,Signal & Price eligibility met,Up,0.9900,0.800,0.999,unknown,WebSocket,Up:0.990*|Down:0.265*
2026-02-24 13:44:11.621,1771958651621,btc-updown-15m-1771957800,btc-15min-up-or-down-2026-02-24-13:30,tick_size:0.01->0.001,TRADE,Signal & Price eligibility met,Up,0.9900,0.800,0.999,FAILED,WebSocket,Up:0.990*|Down:0.265*
2026-02-24 13:44:12.302,1771958652302,btc-updown-15m-1771957800,btc-15min-up-or-down-2026-02-24-13:30,tick_size:0.001->0.001,TRADE,Signal & Price eligibility met,Up,0.9900,0.800,0.999,FAILED,WebSocket,Up:0.990*|Down:0.265*
2026-02-24 13:44:13.008,1771958653008,btc-updown-15m-1771957800,btc-15min-up-or-down-2026-02-24-13:30,tick_size:0.001->0.001,TRADE,Signal & Price eligibility met,Up,0.9900,0.800,0.999,FAILED,WebSocket,Up:0.990*|Down:0.265*
2026-02-24 14:29:36.369,1771961376369,sol-updown-15m-1771960500,sol-15min-up-or-down-2026-02-24-14:15,tick_size:0.01->0.001,TRADE,Signal & Price eligibility met,Up,0.9900,0.950,0.999,unknown,WebSocket,Up:0.990*|Down:0.065*
2026-02-24 14:29:37.061,1771961377061,sol-updown-15m-1771960500,sol-15min-up-or-down-2026-02-24-14:15,tick_size:0.01->0.001,TRADE,Signal & Price eligibility met,Up,0.9900,0.950,0.999,FAILED,WebSocket,Up:0.990*|Down:0.065*
2026-02-24 14:29:37.697,1771961377697,sol-updown-15m-1771960500,sol-15min-up-or-down-2026-02-24-14:15,tick_size:0.001->0.001,TRADE,Signal & Price eligibility met,Up,0.9900,0.950,0.999,FAILED,WebSocket,Up:0.990*|Down:0.065*
2026-02-24 14:29:38.498,1771961378498,sol-updown-15m-1771960500,sol-15min-up-or-down-2026-02-24-14:15,tick_size:0.001->0.001,TRADE,Signal & Price eligibility met,Up,0.9900,0.950,0.999,FAILED,WebSocket,Up:0.990*|Down:0.065*
2026-02-24 14:45:06.762,1771962306762,sol-updown-15m-1771961400,sol-15min-up-or-down-2026-02-24-14:30,tick_size:0.01->0.001,TRADE,Signal & Price eligibility met,Up,0.9900,0.950,0.999,unknown,WebSocket,Up:0.990*|Down:0.175*
2026-02-24 14:45:07.366,1771962307366,sol-updown-15m-1771961400,sol-15min-up-or-down-2026-02-24-14:30,tick_size:0.01->0.001,TRADE,Signal & Price eligibility met,Up,0.9900,0.950,0.999,FAILED,WebSocket,Up:0.990*|Down:0.175*
2026-02-24 14:45:07.993,1771962307993,sol-updown-15m-1771961400,sol-15min-up-or-down-2026-02-24-14:30,tick_size:0.001->0.001,TRADE,Signal & Price eligibility met,Up,0.9900,0.950,0.999,FAILED,WebSocket,Up:0.990*|Down:0.175*
2026-02-24 14:45:08.825,1771962308825,sol-updown-15m-1771961400,sol-15min-up-or-down-2026-02-24-14:30,tick_size:0.001->0.001,TRADE,Signal & Price eligibility met,Up,0.9900,0.950,0.999,FAILED,WebSocket,Up:0.990*|Down:0.175*
2026-02-24 14:46:09.704,1771962369704,btc-updown-15m-1771961400,btc-15min-up-or-down-2026-02-24-14:30,tick_size:0.01->0.001,TRADE,Signal & Price eligibility met,Up,0.9900,0.950,0.999,unknown,WebSocket,Up:0.990*|Down:0.315*
2026-02-24 14:46:10.358,1771962370358,btc-updown-15m-1771961400,btc-15min-up-or-down-2026-02-24-14:30,tick_size:0.01->0.001,TRADE,Signal & Price eligibility met,Up,0.9900,0.950,0.999,FAILED,WebSocket,Up:0.990*|Down:0.315*
2026-02-24 14:46:10.977,1771962370977,btc-updown-15m-1771961400,btc-15min-up-or-down-2026-02-24-14:30,tick_size:0.001->0.001,TRADE,Signal & Price eligibility met,Up,0.9900,0.950,0.999,FAILED,WebSocket,Up:0.990*|Down:0.315*
2026-02-24 14:46:11.579,1771962371579,btc-updown-15m-1771961400,btc-15min-up-or-down-2026-02-24-14:30,tick_size:0.001->0.001,TRADE,Signal & Price eligibility met,Up,0.9900,0.950,0.999,FAILED,WebSocket,Up:0.990*|Down:0.315*
2026-02-24 15:01:33.695,1771963293695,eth-updown-15m-1771962300,eth-15min-up-or-down-2026-02-24-14:45,tick_size:0.01->0.001,TRADE,Signal & Price eligibility met,Down,0.9900,0.950,0.999,FAILED,WebSocket,Up:0.695*|Down:0.990*
2026-02-24 15:01:34.929,1771963294929,eth-updown-15m-1771962300,eth-15min-up-or-down-2026-02-24-14:45,tick_size:0.01->0.001,TRADE,Signal & Price eligibility met,Down,0.9900,0.950,0.999,FAILED,WebSocket,Up:0.695*|Down:0.990*
2026-02-24 15:01:36.124,1771963296124,eth-updown-15m-1771962300,eth-15min-up-or-down-2026-02-24-14:45,tick_size:0.001->0.001,TRADE,Signal & Price eligibility met,Down,0.9900,0.950,0.999,FAILED,WebSocket,Up:0.695*|Down:0.990*
2026-02-24 15:01:37.336,1771963297336,eth-updown-15m-1771962300,eth-15min-up-or-down-2026-02-24-14:45,tick_size:0.001->0.001,TRADE,Signal & Price eligibility met,Down,0.9900,0.950,0.999,FAILED,WebSocket,Up:0.695*|Down:0.990*
2026-02-24 15:27:31.011,1771964851011,xrp-updown-15m-1771964100,xrp-15min-up-or-down-2026-02-24-15:15,tick_size:0.01->0.001,SKIP,DEDUP: Already ordered this market this session,Up,0.9900,0.950,,,WebSocket,Up:0.990*|Down:0.505*
2026-02-24 15:27:31.498,1771964851498,xrp-updown-15m-1771964100,xrp-15min-up-or-down-2026-02-24-15:15,tick_size:0.01->0.001,SKIP,DEDUP: Already ordered this market this session,Up,0.9900,0.950,,,WebSocket,Up:0.990*|Down:0.505*
2026-02-24 15:27:31.499,1771964851499,xrp-updown-15m-1771964100,xrp-15min-up-or-down-2026-02-24-15:15,tick_size:0.001->0.001,SKIP,Duplicate signal (tick_size unchanged at 0.001),,,,,,Gamma,
2026-02-24 15:27:31.499,1771964851499,xrp-updown-15m-1771964100,xrp-15min-up-or-down-2026-02-24-15:15,tick_size:0.001->0.001,SKIP,Duplicate signal (tick_size unchanged at 0.001),,,,,,Gamma,
2026-02-24 15:28:36.878,1771964916878,eth-updown-15m-1771964100,eth-15min-up-or-down-2026-02-24-15:15,tick_size:0.01->0.001,SKIP,DEDUP: Already ordered this market this session,Up,0.9900,0.950,,,WebSocket,Up:0.990*|Down:0.505*
2026-02-24 15:28:37.385,1771964917385,eth-updown-15m-1771964100,eth-15min-up-or-down-2026-02-24-15:15,tick_size:0.01->0.001,SKIP,DEDUP: Already ordered this market this session,Up,0.9900,0.950,,,WebSocket,Up:0.990*|Down:0.505*
2026-02-24 15:28:37.404,1771964917404,eth-updown-15m-1771964100,eth-15min-up-or-down-2026-02-24-15:15,tick_size:0.001->0.001,SKIP,Duplicate signal (tick_size unchanged at 0.001),,,,,,Gamma,
2026-02-24 15:28:37.404,1771964917404,eth-updown-15m-1771964100,eth-15min-up-or-down-2026-02-24-15:15,tick_size:0.001->0.001,SKIP,Duplicate signal (tick_size unchanged at 0.001),,,,,,Gamma,
2026-02-24 15:28:37.993,1771964917993,btc-updown-15m-1771964100,btc-15min-up-or-down-2026-02-24-15:15,tick_size:0.01->0.001,SKIP,DEDUP: Already ordered this market this session,Up,0.9900,0.950,,,WebSocket,Up:0.990*|Down:0.505*
2026-02-24 15:28:38.468,1771964918468,btc-updown-15m-1771964100,btc-15min-up-or-down-2026-02-24-15:15,tick_size:0.01->0.001,SKIP,DEDUP: Already ordered this market this session,Up,0.9900,0.950,,,WebSocket,Up:0.990*|Down:0.505*
2026-02-24 15:28:38.468,1771964918468,btc-updown-15m-1771964100,btc-15min-up-or-down-2026-02-24-15:15,tick_size:0.001->0.001,SKIP,Duplicate signal (tick_size unchanged at 0.001),,,,,,Gamma,
2026-02-24 15:28:38.468,1771964918468,btc-updown-15m-1771964100,btc-15min-up-or-down-2026-02-24-15:15,tick_size:0.001->0.001,SKIP,Duplicate signal (tick_size unchanged at 0.001),,,,,,Gamma,
2026-02-24 16:00:04.019,1771966804019,btc-updown-15m-1771965900,btc-15min-up-or-down-2026-02-24-15:45,tick_size:0.01->0.001,TRADE,Signal & Price eligibility met,Down,0.9900,0.950,0.999,unknown,WebSocket,Up:0.465*|Down:0.990*
2026-02-24 16:00:04.344,1771966804344,btc-updown-15m-1771965900,btc-15min-up-or-down-2026-02-24-15:45,tick_size:0.01->0.001,SKIP,DEDUP: Already ordered this market this session,Down,0.9900,0.950,,,WebSocket,Up:0.465*|Down:0.990*
2026-02-24 16:00:04.345,1771966804345,btc-updown-15m-1771965900,btc-15min-up-or-down-2026-02-24-15:45,tick_size:0.001->0.001,SKIP,Duplicate signal (tick_size unchanged at 0.001),,,,,,Gamma,
2026-02-24 16:00:04.346,1771966804346,btc-updown-15m-1771965900,btc-15min-up-or-down-2026-02-24-15:45,tick_size:0.001->0.001,SKIP,Duplicate signal (tick_size unchanged at 0.001),,,,,,Gamma,
2026-02-24 16:00:05.410,1771966805410,sol-updown-15m-1771965900,sol-15min-up-or-down-2026-02-24-15:45,tick_size:0.01->0.001,TRADE,Signal & Price eligibility met,Down,0.9900,0.950,0.999,unknown,WebSocket,Up:0.360*|Down:0.990*
2026-02-24 16:00:05.740,1771966805740,sol-updown-15m-1771965900,sol-15min-up-or-down-2026-02-24-15:45,tick_size:0.01->0.001,SKIP,DEDUP: Already ordered this market this session,Down,0.9900,0.950,,,WebSocket,Up:0.360*|Down:0.990*
2026-02-24 16:00:05.741,1771966805741,sol-updown-15m-1771965900,sol-15min-up-or-down-2026-02-24-15:45,tick_size:0.001->0.001,SKIP,Duplicate signal (tick_size unchanged at 0.001),,,,,,Gamma,
2026-02-24 16:00:05.742,1771966805742,sol-updown-15m-1771965900,sol-15min-up-or-down-2026-02-24-15:45,tick_size:0.001->0.001,SKIP,Duplicate signal (tick_size unchanged at 0.001),,,,,,Gamma,
2026-02-24 16:01:13.049,1771966873049,eth-updown-15m-1771965900,eth-15min-up-or-down-2026-02-24-15:45,tick_size:0.01->0.001,TRADE,Signal & Price eligibility met,Down,0.9900,0.950,0.999,unknown,WebSocket,Up:0.425*|Down:0.990*
2026-02-24 16:01:13.372,1771966873372,eth-updown-15m-1771965900,eth-15min-up-or-down-2026-02-24-15:45,tick_size:0.01->0.001,SKIP,DEDUP: Already ordered this market this session,Down,0.9900,0.950,,,WebSocket,Up:0.425*|Down:0.990*
2026-02-24 16:01:13.380,1771966873380,eth-updown-15m-1771965900,eth-15min-up-or-down-2026-02-24-15:45,tick_size:0.001->0.001,SKIP,Duplicate signal (tick_size unchanged at 0.001),,,,,,Gamma,
2026-02-24 16:01:13.382,1771966873382,eth-updown-15m-1771965900,eth-15min-up-or-down-2026-02-24-15:45,tick_size:0.001->0.001,SKIP,Duplicate signal (tick_size unchanged at 0.001),,,,,,Gamma,
2026-02-24 16:05:22.751,1771967122751,btc-updown-5m-1771966800,btc-5min-up-or-down-2026-02-24-16:00,tick_size:0.01->0.001,TRADE,Signal & Price eligibility met,Down,0.9900,0.950,0.999,unknown,WebSocket,Up:0.495*|Down:0.990*
2026-02-24 16:05:23.081,1771967123081,btc-updown-5m-1771966800,btc-5min-up-or-down-2026-02-24-16:00,tick_size:0.01->0.001,SKIP,DEDUP: Already ordered this market this session,Down,0.9900,0.950,,,WebSocket,Up:0.495*|Down:0.990*
2026-02-24 16:05:23.082,1771967123082,btc-updown-5m-1771966800,btc-5min-up-or-down-2026-02-24-16:00,tick_size:0.001->0.001,SKIP,Duplicate signal (tick_size unchanged at 0.001),,,,,,Gamma,
2026-02-24 16:05:23.085,1771967123085,btc-updown-5m-1771966800,btc-5min-up-or-down-2026-02-24-16:00,tick_size:0.001->0.001,SKIP,Duplicate signal (tick_size unchanged at 0.001),,,,,,Gamma,
2026-02-24 16:06:33.546,1771967193546,eth-updown-5m-1771966800,eth-5min-up-or-down-2026-02-24-16:00,tick_size:0.01->0.001,TRADE,Signal & Price eligibility met,Down,0.9900,0.950,0.999,unknown,WebSocket,Up:0.495*|Down:0.990*
2026-02-24 16:06:33.864,1771967193864,eth-updown-5m-1771966800,eth-5min-up-or-down-2026-02-24-16:00,tick_size:0.01->0.001,SKIP,DEDUP: Already ordered this market this session,Down,0.9900,0.950,,,WebSocket,Up:0.495*|Down:0.990*
2026-02-24 16:06:33.865,1771967193865,eth-updown-5m-1771966800,eth-5min-up-or-down-2026-02-24-16:00,tick_size:0.001->0.001,SKIP,Duplicate signal (tick_size unchanged at 0.001),,,,,,Gamma,
2026-02-24 16:06:33.866,1771967193866,eth-updown-5m-1771966800,eth-5min-up-or-down-2026-02-24-16:00,tick_size:0.001->0.001,SKIP,Duplicate signal (tick_size unchanged at 0.001),,,,,,Gamma,
2026-02-24 16:09:51.579,1771967391579,eth-updown-15m-1771966800,eth-15min-up-or-down-2026-02-24-16:00,tick_size:0.01->0.001,TRADE,Signal & Price eligibility met,Down,0.9900,0.950,0.999,unknown,WebSocket,Up:0.485*|Down:0.990*
2026-02-24 16:09:51.899,1771967391899,eth-updown-15m-1771966800,eth-15min-up-or-down-2026-02-24-16:00,tick_size:0.01->0.001,SKIP,DEDUP: Already ordered this market this session,Down,0.9900,0.950,,,WebSocket,Up:0.485*|Down:0.990*
2026-02-24 16:09:51.899,1771967391899,eth-updown-15m-1771966800,eth-15min-up-or-down-2026-02-24-16:00,tick_size:0.001->0.001,SKIP,Duplicate signal (tick_size unchanged at 0.001),,,,,,Gamma,
2026-02-24 16:09:51.900,1771967391900,eth-updown-15m-1771966800,eth-15min-up-or-down-2026-02-24-16:00,tick_size:0.001->0.001,SKIP,Duplicate signal (tick_size unchanged at 0.001),,,,,,Gamma,
2026-02-24 16:09:53.862,1771967393862,sol-updown-15m-1771966800,sol-15min-up-or-down-2026-02-24-16:00,tick_size:0.01->0.001,TRADE,Signal & Price eligibility met,Down,0.9700,0.950,0.999,unknown,WebSocket,Up:0.010*|Down:0.970*
2026-02-24 16:09:54.198,1771967394198,sol-updown-15m-1771966800,sol-15min-up-or-down-2026-02-24-16:00,tick_size:0.01->0.001,SKIP,DEDUP: Already ordered this market this session,Down,0.9700,0.950,,,WebSocket,Up:0.010*|Down:0.970*
2026-02-24 16:09:54.198,1771967394198,sol-updown-15m-1771966800,sol-15min-up-or-down-2026-02-24-16:00,tick_size:0.001->0.001,SKIP,Duplicate signal (tick_size unchanged at 0.001),,,,,,Gamma,
2026-02-24 16:09:54.199,1771967394199,sol-updown-15m-1771966800,sol-15min-up-or-down-2026-02-24-16:00,tick_size:0.001->0.001,SKIP,Duplicate signal (tick_size unchanged at 0.001),,,,,,Gamma,
2026-02-24 16:09:55.224,1771967395224,btc-updown-15m-1771966800,btc-15min-up-or-down-2026-02-24-16:00,tick_size:0.01->0.001,TRADE,Signal & Price eligibility met,Down,0.9900,0.950,0.999,unknown,WebSocket,Up:0.505*|Down:0.990*
2026-02-24 16:09:55.580,1771967395580,btc-updown-15m-1771966800,btc-15min-up-or-down-2026-02-24-16:00,tick_size:0.01->0.001,SKIP,DEDUP: Already ordered this market this session,Down,0.9900,0.950,,,WebSocket,Up:0.505*|Down:0.990*
2026-02-24 16:09:55.581,1771967395581,btc-updown-15m-1771966800,btc-15min-up-or-down-2026-02-24-16:00,tick_size:0.001->0.001,SKIP,Duplicate signal (tick_size unchanged at 0.001),,,,,,Gamma,
2026-02-24 16:09:55.581,1771967395581,btc-updown-15m-1771966800,btc-15min-up-or-down-2026-02-24-16:00,tick_size:0.001->0.001,SKIP,Duplicate signal (tick_size unchanged at 0.001),,,,,,Gamma,
2026-02-24 16:21:27.146,1771968087146,btc-updown-5m-1771967700,btc-5min-up-or-down-2026-02-24-16:15,tick_size:0.01->0.001,TRADE,Signal & Price eligibility met,Down,0.9900,0.950,0.999,unknown,WebSocket,Up:0.495*|Down:0.990*
2026-02-24 16:21:27.478,1771968087478,btc-updown-5m-1771967700,btc-5min-up-or-down-2026-02-24-16:15,tick_size:0.01->0.001,SKIP,DEDUP: Already ordered this market this session,Down,0.9900,0.950,,,WebSocket,Up:0.495*|Down:0.990*
2026-02-24 16:21:27.478,1771968087478,btc-updown-5m-1771967700,btc-5min-up-or-down-2026-02-24-16:15,tick_size:0.001->0.001,SKIP,Duplicate signal (tick_size unchanged at 0.001),,,,,,Gamma,
2026-02-24 16:21:27.479,1771968087479,btc-updown-5m-1771967700,btc-5min-up-or-down-2026-02-24-16:15,tick_size:0.001->0.001,SKIP,Duplicate signal (tick_size unchanged at 0.001),,,,,,Gamma,
2026-02-24 16:21:29.844,1771968089844,sol-updown-5m-1771967700,sol-5min-up-or-down-2026-02-24-16:15,tick_size:0.01->0.001,TRADE,Signal & Price eligibility met,Down,0.9900,0.950,0.999,unknown,WebSocket,Up:0.500*|Down:0.990*
2026-02-24 16:21:30.171,1771968090171,sol-updown-5m-1771967700,sol-5min-up-or-down-2026-02-24-16:15,tick_size:0.01->0.001,SKIP,DEDUP: Already ordered this market this session,Down,0.9900,0.950,,,WebSocket,Up:0.500*|Down:0.990*
2026-02-24 16:21:30.172,1771968090172,sol-updown-5m-1771967700,sol-5min-up-or-down-2026-02-24-16:15,tick_size:0.001->0.001,SKIP,Duplicate signal (tick_size unchanged at 0.001),,,,,,Gamma,
2026-02-24 16:21:30.172,1771968090172,sol-updown-5m-1771967700,sol-5min-up-or-down-2026-02-24-16:15,tick_size:0.001->0.001,SKIP,Duplicate signal (tick_size unchanged at 0.001),,,,,,Gamma,
2026-02-24 16:28:49.565,1771968529565,btc-updown-15m-1771967700,btc-15min-up-or-down-2026-02-24-16:15,tick_size:0.01->0.001,TRADE,Signal & Price eligibility met,Down,0.9900,0.950,0.999,unknown,WebSocket,Up:0.525*|Down:0.990*
2026-02-24 16:28:49.879,1771968529879,btc-updown-15m-1771967700,btc-15min-up-or-down-2026-02-24-16:15,tick_size:0.01->0.001,SKIP,DEDUP: Already ordered this market this session,Down,0.9900,0.950,,,WebSocket,Up:0.525*|Down:0.990*
2026-02-24 16:28:49.880,1771968529880,btc-updown-15m-1771967700,btc-15min-up-or-down-2026-02-24-16:15,tick_size:0.001->0.001,SKIP,Duplicate signal (tick_size unchanged at 0.001),,,,,,Gamma,
2026-02-24 16:28:49.880,1771968529880,btc-updown-15m-1771967700,btc-15min-up-or-down-2026-02-24-16:15,tick_size:0.001->0.001,SKIP,Duplicate signal (tick_size unchanged at 0.001),,,,,,Gamma,
2026-02-24 16:30:01.286,1771968601286,eth-updown-15m-1771967700,eth-15min-up-or-down-2026-02-24-16:15,tick_size:0.01->0.001,TRADE,Signal & Price eligibility met,Down,0.9900,0.950,0.999,unknown,WebSocket,Up:0.525*|Down:0.990*
2026-02-24 16:30:01.626,1771968601626,eth-updown-15m-1771967700,eth-15min-up-or-down-2026-02-24-16:15,tick_size:0.01->0.001,SKIP,DEDUP: Already ordered this market this session,Down,0.9900,0.950,,,WebSocket,Up:0.525*|Down:0.990*
2026-02-24 16:30:01.631,1771968601631,eth-updown-15m-1771967700,eth-15min-up-or-down-2026-02-24-16:15,tick_size:0.001->0.001,SKIP,Duplicate signal (tick_size unchanged at 0.001),,,,,,Gamma,
2026-02-24 16:30:01.631,1771968601631,eth-updown-15m-1771967700,eth-15min-up-or-down-2026-02-24-16:15,tick_size:0.001->0.001,SKIP,Duplicate signal (tick_size unchanged at 0.001),,,,,,Gamma,
2026-02-24 16:30:02.685,1771968602685,btc-updown-5m-1771968300,btc-5min-up-or-down-2026-02-24-16:25,tick_size:0.01->0.001,TRADE,Signal & Price eligibility met,Down,0.9900,0.950,0.999,unknown,WebSocket,Up:0.505*|Down:0.990*
2026-02-24 16:30:03.004,1771968603004,btc-updown-5m-1771968300,btc-5min-up-or-down-2026-02-24-16:25,tick_size:0.01->0.001,SKIP,DEDUP: Already ordered this market this session,Down,0.9900,0.950,,,WebSocket,Up:0.505*|Down:0.990*
2026-02-24 16:30:03.007,1771968603007,btc-updown-5m-1771968300,btc-5min-up-or-down-2026-02-24-16:25,tick_size:0.001->0.001,SKIP,Duplicate signal (tick_size unchanged at 0.001),,,,,,Gamma,
2026-02-24 16:30:03.007,1771968603007,btc-updown-5m-1771968300,btc-5min-up-or-down-2026-02-24-16:25,tick_size:0.001->0.001,SKIP,Duplicate signal (tick_size unchanged at 0.001),,,,,,Gamma,
2026-02-24 16:45:11.378,1771969511378,btc-updown-15m-1771968600,btc-15min-up-or-down-2026-02-24-16:30,tick_size:0.01->0.001,TRADE,Signal & Price eligibility met,Up,0.9900,0.950,0.999,unknown,WebSocket,Up:0.990*|Down:0.335*
2026-02-24 16:45:11.676,1771969511676,btc-updown-15m-1771968600,btc-15min-up-or-down-2026-02-24-16:30,tick_size:0.01->0.001,SKIP,DEDUP: Already ordered this market this session,Up,0.9900,0.950,,,WebSocket,Up:0.990*|Down:0.335*
2026-02-24 16:45:11.679,1771969511679,btc-updown-15m-1771968600,btc-15min-up-or-down-2026-02-24-16:30,tick_size:0.001->0.001,SKIP,Duplicate signal (tick_size unchanged at 0.001),,,,,,Gamma,
2026-02-24 16:45:11.680,1771969511680,btc-updown-15m-1771968600,btc-15min-up-or-down-2026-02-24-16:30,tick_size:0.001->0.001,SKIP,Duplicate signal (tick_size unchanged at 0.001),,,,,,Gamma,
2026-02-24 16:51:30.665,1771969890665,eth-updown-5m-1771969500,eth-5min-up-or-down-2026-02-24-16:45,tick_size:0.01->0.001,TRADE,Signal & Price eligibility met,Down,0.9900,0.950,0.999,unknown,WebSocket,Up:0.495*|Down:0.990*
2026-02-24 16:51:30.974,1771969890974,eth-updown-5m-1771969500,eth-5min-up-or-down-2026-02-24-16:45,tick_size:0.01->0.001,SKIP,DEDUP: Already ordered this market this session,Down,0.9900,0.950,,,WebSocket,Up:0.495*|Down:0.990*
2026-02-24 16:51:30.975,1771969890975,eth-updown-5m-1771969500,eth-5min-up-or-down-2026-02-24-16:45,tick_size:0.001->0.001,SKIP,Duplicate signal (tick_size unchanged at 0.001),,,,,,Gamma,
2026-02-24 16:51:30.975,1771969890975,eth-updown-5m-1771969500,eth-5min-up-or-down-2026-02-24-16:45,tick_size:0.001->0.001,SKIP,Duplicate signal (tick_size unchanged at 0.001),,,,,,Gamma,
2026-02-24 17:12:37.069,1771971157069,eth-updown-15m-1771970400,eth-15min-up-or-down-2026-02-24-17:00,tick_size:0.01->0.001,TRADE,Signal & Price eligibility met,Up,0.9900,0.950,0.999,unknown,WebSocket,Up:0.990*|Down:0.600*
2026-02-24 17:12:37.423,1771971157423,eth-updown-15m-1771970400,eth-15min-up-or-down-2026-02-24-17:00,tick_size:0.01->0.001,SKIP,DEDUP: Already ordered this market this session,Up,0.9900,0.950,,,WebSocket,Up:0.990*|Down:0.600*
2026-02-24 17:12:37.423,1771971157423,eth-updown-15m-1771970400,eth-15min-up-or-down-2026-02-24-17:00,tick_size:0.001->0.001,SKIP,Duplicate signal (tick_size unchanged at 0.001),,,,,,Gamma,
2026-02-24 17:12:37.423,1771971157423,eth-updown-15m-1771970400,eth-15min-up-or-down-2026-02-24-17:00,tick_size:0.001->0.001,SKIP,Duplicate signal (tick_size unchanged at 0.001),,,,,,Gamma,
2026-02-24 17:13:39.278,1771971219278,sol-updown-15m-1771970400,sol-15min-up-or-down-2026-02-24-17:00,tick_size:0.01->0.001,TRADE,Signal & Price eligibility met,Up,0.9900,0.950,0.999,unknown,WebSocket,Up:0.990*|Down:0.625*
2026-02-24 17:13:39.708,1771971219708,sol-updown-15m-1771970400,sol-15min-up-or-down-2026-02-24-17:00,tick_size:0.01->0.001,SKIP,DEDUP: Already ordered this market this session,Up,0.9900,0.950,,,WebSocket,Up:0.990*|Down:0.625*
2026-02-24 17:13:39.709,1771971219709,sol-updown-15m-1771970400,sol-15min-up-or-down-2026-02-24-17:00,tick_size:0.001->0.001,SKIP,Duplicate signal (tick_size unchanged at 0.001),,,,,,Gamma,
2026-02-24 17:13:39.709,1771971219709,sol-updown-15m-1771970400,sol-15min-up-or-down-2026-02-24-17:00,tick_size:0.001->0.001,SKIP,Duplicate signal (tick_size unchanged at 0.001),,,,,,Gamma,
2026-02-24 17:21:55.414,1771971715414,eth-updown-5m-1771971300,eth-5min-up-or-down-2026-02-24-17:15,tick_size:0.01->0.001,TRADE,Signal & Price eligibility met,Down,0.9900,0.950,0.999,unknown,WebSocket,Up:0.495*|Down:0.990*
2026-02-24 17:21:55.743,1771971715743,eth-updown-5m-1771971300,eth-5min-up-or-down-2026-02-24-17:15,tick_size:0.01->0.001,SKIP,DEDUP: Already ordered this market this session,Down,0.9900,0.950,,,WebSocket,Up:0.495*|Down:0.990*
2026-02-24 17:21:55.744,1771971715744,eth-updown-5m-1771971300,eth-5min-up-or-down-2026-02-24-17:15,tick_size:0.001->0.001,SKIP,Duplicate signal (tick_size unchanged at 0.001),,,,,,Gamma,
2026-02-24 17:21:55.745,1771971715745,eth-updown-5m-1771971300,eth-5min-up-or-down-2026-02-24-17:15,tick_size:0.001->0.001,SKIP,Duplicate signal (tick_size unchanged at 0.001),,,,,,Gamma,
2026-02-24 17:21:56.052,1771971716052,sol-updown-5m-1771971300,sol-5min-up-or-down-2026-02-24-17:15,tick_size:0.01->0.001,SKIP,Price 0.5000 below threshold 0.95,Up,0.5000,0.950,,,Gamma,Up:0.500|Down:0.500
2026-02-24 17:21:56.236,1771971716236,sol-updown-5m-1771971300,sol-5min-up-or-down-2026-02-24-17:15,tick_size:0.01->0.001,SKIP,Price 0.5000 below threshold 0.95,Up,0.5000,0.950,,,Gamma,Up:0.500|Down:0.500
2026-02-24 17:21:56.238,1771971716238,sol-updown-5m-1771971300,sol-5min-up-or-down-2026-02-24-17:15,tick_size:0.001->0.001,SKIP,Duplicate signal (tick_size unchanged at 0.001),,,,,,Gamma,
2026-02-24 17:21:56.238,1771971716238,sol-updown-5m-1771971300,sol-5min-up-or-down-2026-02-24-17:15,tick_size:0.001->0.001,SKIP,Duplicate signal (tick_size unchanged at 0.001),,,,,,Gamma,
2026-02-24 17:21:57.714,1771971717714,btc-updown-5m-1771971300,btc-5min-up-or-down-2026-02-24-17:15,tick_size:0.01->0.001,TRADE,Signal & Price eligibility met,Down,0.9900,0.950,0.999,unknown,WebSocket,Up:0.495*|Down:0.990*
2026-02-24 17:21:58.039,1771971718039,btc-updown-5m-1771971300,btc-5min-up-or-down-2026-02-24-17:15,tick_size:0.01->0.001,SKIP,DEDUP: Already ordered this market this session,Down,0.9900,0.950,,,WebSocket,Up:0.495*|Down:0.990*
2026-02-24 17:21:58.039,1771971718039,btc-updown-5m-1771971300,btc-5min-up-or-down-2026-02-24-17:15,tick_size:0.001->0.001,SKIP,Duplicate signal (tick_size unchanged at 0.001),,,,,,Gamma,
2026-02-24 17:21:58.040,1771971718040,btc-updown-5m-1771971300,btc-5min-up-or-down-2026-02-24-17:15,tick_size:0.001->0.001,SKIP,Duplicate signal (tick_size unchanged at 0.001),,,,,,Gamma,
2026-02-24 17:25:03.687,1771971903687,sol-updown-15m-1771971300,sol-15min-up-or-down-2026-02-24-17:15,tick_size:0.01->0.001,TRADE,Signal & Price eligibility met,Down,0.9700,0.950,0.999,unknown,WebSocket,Up:0.020*|Down:0.970*
2026-02-24 17:25:04.081,1771971904081,sol-updown-15m-1771971300,sol-15min-up-or-down-2026-02-24-17:15,tick_size:0.01->0.001,SKIP,DEDUP: Already ordered this market this session,Down,0.9700,0.950,,,WebSocket,Up:0.020*|Down:0.970*
2026-02-24 17:25:04.082,1771971904082,sol-updown-15m-1771971300,sol-15min-up-or-down-2026-02-24-17:15,tick_size:0.001->0.001,SKIP,Duplicate signal (tick_size unchanged at 0.001),,,,,,Gamma,
2026-02-24 17:25:04.086,1771971904086,sol-updown-15m-1771971300,sol-15min-up-or-down-2026-02-24-17:15,tick_size:0.001->0.001,SKIP,Duplicate signal (tick_size unchanged at 0.001),,,,,,Gamma,
2026-02-24 17:41:30.666,1771972890666,sol-updown-5m-1771972500,sol-5min-up-or-down-2026-02-24-17:35,tick_size:0.01->0.001,TRADE,Signal & Price eligibility met,Down,0.9900,0.950,0.999,unknown,WebSocket,Up:0.400*|Down:0.990*
2026-02-24 17:41:31.043,1771972891043,sol-updown-5m-1771972500,sol-5min-up-or-down-2026-02-24-17:35,tick_size:0.01->0.001,SKIP,DEDUP: Already ordered this market this session,Down,0.9900,0.950,,,WebSocket,Up:0.400*|Down:0.990*
2026-02-24 17:41:31.044,1771972891044,sol-updown-5m-1771972500,sol-5min-up-or-down-2026-02-24-17:35,tick_size:0.001->0.001,SKIP,Duplicate signal (tick_size unchanged at 0.001),,,,,,Gamma,
2026-02-24 17:41:31.044,1771972891044,sol-updown-5m-1771972500,sol-5min-up-or-down-2026-02-24-17:35,tick_size:0.001->0.001,SKIP,Duplicate signal (tick_size unchanged at 0.001),,,,,,Gamma,
2026-02-24 17:46:37.434,1771973197434,sol-updown-15m-1771972200,sol-15min-up-or-down-2026-02-24-17:30,tick_size:0.01->0.001,TRADE,Signal & Price eligibility met,Down,0.9900,0.950,0.999,unknown,WebSocket,Up:0.405*|Down:0.990*
2026-02-24 17:46:37.753,1771973197753,sol-updown-15m-1771972200,sol-15min-up-or-down-2026-02-24-17:30,tick_size:0.01->0.001,SKIP,DEDUP: Already ordered this market this session,Down,0.9900,0.950,,,WebSocket,Up:0.405*|Down:0.990*
2026-02-24 17:46:37.754,1771973197754,sol-updown-15m-1771972200,sol-15min-up-or-down-2026-02-24-17:30,tick_size:0.001->0.001,SKIP,Duplicate signal (tick_size unchanged at 0.001),,,,,,Gamma,
2026-02-24 17:46:37.754,1771973197754,sol-updown-15m-1771972200,sol-15min-up-or-down-2026-02-24-17:30,tick_size:0.001->0.001,SKIP,Duplicate signal (tick_size unchanged at 0.001),,,,,,Gamma,
2026-02-24 17:46:38.757,1771973198757,eth-updown-15m-1771972200,eth-15min-up-or-down-2026-02-24-17:30,tick_size:0.01->0.001,TRADE,Signal & Price eligibility met,Down,0.9900,0.950,0.999,unknown,WebSocket,Up:0.680*|Down:0.990*
2026-02-24 17:46:39.085,1771973199085,eth-updown-15m-1771972200,eth-15min-up-or-down-2026-02-24-17:30,tick_size:0.01->0.001,SKIP,DEDUP: Already ordered this market this session,Down,0.9900,0.950,,,WebSocket,Up:0.680*|Down:0.990*
2026-02-24 17:46:39.086,1771973199086,eth-updown-15m-1771972200,eth-15min-up-or-down-2026-02-24-17:30,tick_size:0.001->0.001,SKIP,Duplicate signal (tick_size unchanged at 0.001),,,,,,Gamma,
2026-02-24 17:46:39.086,1771973199086,eth-updown-15m-1771972200,eth-15min-up-or-down-2026-02-24-17:30,tick_size:0.001->0.001,SKIP,Duplicate signal (tick_size unchanged at 0.001),,,,,,Gamma,
2026-02-24 17:46:40.217,1771973200217,sol-updown-5m-1771972800,sol-5min-up-or-down-2026-02-24-17:40,tick_size:0.01->0.001,TRADE,Signal & Price eligibility met,Down,0.9900,0.950,0.999,unknown,WebSocket,Up:0.720*|Down:0.990*
2026-02-24 17:46:40.535,1771973200535,sol-updown-5m-1771972800,sol-5min-up-or-down-2026-02-24-17:40,tick_size:0.01->0.001,SKIP,DEDUP: Already ordered this market this session,Down,0.9900,0.950,,,WebSocket,Up:0.720*|Down:0.990*
2026-02-24 17:46:40.536,1771973200536,sol-updown-5m-1771972800,sol-5min-up-or-down-2026-02-24-17:40,tick_size:0.001->0.001,SKIP,Duplicate signal (tick_size unchanged at 0.001),,,,,,Gamma,
2026-02-24 17:46:40.538,1771973200538,sol-updown-5m-1771972800,sol-5min-up-or-down-2026-02-24-17:40,tick_size:0.001->0.001,SKIP,Duplicate signal (tick_size unchanged at 0.001),,,,,,Gamma,
2026-02-24 17:50:47.496,1771973447496,sol-updown-5m-1771973100,sol-5min-up-or-down-2026-02-24-17:45,tick_size:0.01->0.001,TRADE,Signal & Price eligibility met,Up,0.9900,0.950,0.999,unknown,WebSocket,Up:0.990*|Down:0.495*
2026-02-24 17:50:47.851,1771973447851,sol-updown-5m-1771973100,sol-5min-up-or-down-2026-02-24-17:45,tick_size:0.01->0.001,SKIP,DEDUP: Already ordered this market this session,Up,0.9900,0.950,,,WebSocket,Up:0.990*|Down:0.495*
2026-02-24 17:50:47.854,1771973447854,sol-updown-5m-1771973100,sol-5min-up-or-down-2026-02-24-17:45,tick_size:0.001->0.001,SKIP,Duplicate signal (tick_size unchanged at 0.001),,,,,,Gamma,
2026-02-24 17:50:47.854,1771973447854,sol-updown-5m-1771973100,sol-5min-up-or-down-2026-02-24-17:45,tick_size:0.001->0.001,SKIP,Duplicate signal (tick_size unchanged at 0.001),,,,,,Gamma,
2026-02-24 17:50:48.620,1771973448620,btc-updown-5m-1771973100,btc-5min-up-or-down-2026-02-24-17:45,tick_size:0.01->0.001,SKIP,DEDUP: Already ordered this market this session,Up,0.9900,0.950,,,WebSocket,Up:0.990*|Down:0.495*
2026-02-24 17:50:49.671,1771973449671,btc-updown-5m-1771973100,btc-5min-up-or-down-2026-02-24-17:45,tick_size:0.01->0.001,TRADE,Signal & Price eligibility met,Up,0.9900,0.950,0.999,unknown,WebSocket,Up:0.990*|Down:0.495*
2026-02-24 17:50:49.672,1771973449672,btc-updown-5m-1771973100,btc-5min-up-or-down-2026-02-24-17:45,tick_size:0.001->0.001,SKIP,Duplicate signal (tick_size unchanged at 0.001),,,,,,Gamma,
2026-02-24 17:50:49.672,1771973449672,btc-updown-5m-1771973100,btc-5min-up-or-down-2026-02-24-17:45,tick_size:0.001->0.001,SKIP,Duplicate signal (tick_size unchanged at 0.001),,,,,,Gamma,
2026-02-24 17:59:08.178,1771973948178,eth-updown-5m-1771973700,eth-5min-up-or-down-2026-02-24-17:55,tick_size:0.01->0.001,TRADE,Signal & Price eligibility met,Up,0.9900,0.950,0.999,unknown,WebSocket,Up:0.990*|Down:0.505*
2026-02-24 17:59:08.494,1771973948494,eth-updown-5m-1771973700,eth-5min-up-or-down-2026-02-24-17:55,tick_size:0.01->0.001,SKIP,DEDUP: Already ordered this market this session,Up,0.9900,0.950,,,WebSocket,Up:0.990*|Down:0.505*
2026-02-24 17:59:08.495,1771973948495,eth-updown-5m-1771973700,eth-5min-up-or-down-2026-02-24-17:55,tick_size:0.001->0.001,SKIP,Duplicate signal (tick_size unchanged at 0.001),,,,,,Gamma,
2026-02-24 17:59:08.496,1771973948496,eth-updown-5m-1771973700,eth-5min-up-or-down-2026-02-24-17:55,tick_size:0.001->0.001,SKIP,Duplicate signal (tick_size unchanged at 0.001),,,,,,Gamma,
2026-02-24 18:00:12.086,1771974012086,eth-updown-15m-1771973100,eth-15min-up-or-down-2026-02-24-17:45,tick_size:0.01->0.001,TRADE,Signal & Price eligibility met,Up,0.9900,0.950,0.999,unknown,WebSocket,Up:0.990*|Down:0.390*
2026-02-24 18:00:12.420,1771974012420,eth-updown-15m-1771973100,eth-15min-up-or-down-2026-02-24-17:45,tick_size:0.01->0.001,SKIP,DEDUP: Already ordered this market this session,Up,0.9900,0.950,,,WebSocket,Up:0.990*|Down:0.390*
2026-02-24 18:00:12.420,1771974012420,eth-updown-15m-1771973100,eth-15min-up-or-down-2026-02-24-17:45,tick_size:0.001->0.001,SKIP,Duplicate signal (tick_size unchanged at 0.001),,,,,,Gamma,
2026-02-24 18:00:12.420,1771974012420,eth-updown-15m-1771973100,eth-15min-up-or-down-2026-02-24-17:45,tick_size:0.001->0.001,SKIP,Duplicate signal (tick_size unchanged at 0.001),,,,,,Gamma,
2026-02-24 18:00:13.559,1771974013559,btc-updown-5m-1771973700,btc-5min-up-or-down-2026-02-24-17:55,tick_size:0.01->0.001,TRADE,Signal & Price eligibility met,Up,0.9900,0.950,0.999,unknown,WebSocket,Up:0.990*|Down:0.470*
2026-02-24 18:00:13.897,1771974013897,btc-updown-5m-1771973700,btc-5min-up-or-down-2026-02-24-17:55,tick_size:0.01->0.001,SKIP,DEDUP: Already ordered this market this session,Up,0.9900,0.950,,,WebSocket,Up:0.990*|Down:0.470*
2026-02-24 18:00:13.897,1771974013897,btc-updown-5m-1771973700,btc-5min-up-or-down-2026-02-24-17:55,tick_size:0.001->0.001,SKIP,Duplicate signal (tick_size unchanged at 0.001),,,,,,Gamma,
2026-02-24 18:00:13.898,1771974013898,btc-updown-5m-1771973700,btc-5min-up-or-down-2026-02-24-17:55,tick_size:0.001->0.001,SKIP,Duplicate signal (tick_size unchanged at 0.001),,,,,,Gamma,
2026-02-24 18:06:17.640,1771974377640,sol-updown-5m-1771974000,sol-5min-up-or-down-2026-02-24-18:00,tick_size:0.01->0.001,TRADE,Signal & Price eligibility met,Down,0.9900,0.950,0.999,unknown,WebSocket,Up:0.505*|Down:0.990*
2026-02-24 18:06:17.986,1771974377986,sol-updown-5m-1771974000,sol-5min-up-or-down-2026-02-24-18:00,tick_size:0.01->0.001,SKIP,DEDUP: Already ordered this market this session,Down,0.9900,0.950,,,WebSocket,Up:0.505*|Down:0.990*
2026-02-24 18:06:17.987,1771974377987,sol-updown-5m-1771974000,sol-5min-up-or-down-2026-02-24-18:00,tick_size:0.001->0.001,SKIP,Duplicate signal (tick_size unchanged at 0.001),,,,,,Gamma,
2026-02-24 18:06:17.988,1771974377988,sol-updown-5m-1771974000,sol-5min-up-or-down-2026-02-24-18:00,tick_size:0.001->0.001,SKIP,Duplicate signal (tick_size unchanged at 0.001),,,,,,Gamma,
2026-02-24 18:06:19.435,1771974379435,btc-updown-5m-1771974000,btc-5min-up-or-down-2026-02-24-18:00,tick_size:0.01->0.001,TRADE,Signal & Price eligibility met,Down,0.9900,0.950,0.999,unknown,WebSocket,Up:0.505*|Down:0.990*
2026-02-24 18:06:19.757,1771974379757,btc-updown-5m-1771974000,btc-5min-up-or-down-2026-02-24-18:00,tick_size:0.01->0.001,SKIP,DEDUP: Already ordered this market this session,Down,0.9900,0.950,,,WebSocket,Up:0.505*|Down:0.990*
2026-02-24 18:06:19.758,1771974379758,btc-updown-5m-1771974000,btc-5min-up-or-down-2026-02-24-18:00,tick_size:0.001->0.001,SKIP,Duplicate signal (tick_size unchanged at 0.001),,,,,,Gamma,
2026-02-24 18:06:19.759,1771974379759,btc-updown-5m-1771974000,btc-5min-up-or-down-2026-02-24-18:00,tick_size:0.001->0.001,SKIP,Duplicate signal (tick_size unchanged at 0.001),,,,,,Gamma,
2026-02-24 18:11:29.306,1771974689306,xrp-updown-15m-1771974000,xrp-15min-up-or-down-2026-02-24-18:00,tick_size:0.01->0.001,TRADE,Signal & Price eligibility met,Down,0.9900,0.950,0.999,unknown,WebSocket,Up:0.505*|Down:0.990*
2026-02-24 18:11:29.636,1771974689636,xrp-updown-15m-1771974000,xrp-15min-up-or-down-2026-02-24-18:00,tick_size:0.01->0.001,SKIP,DEDUP: Already ordered this market this session,Down,0.9900,0.950,,,WebSocket,Up:0.505*|Down:0.990*
2026-02-24 18:11:29.637,1771974689637,xrp-updown-15m-1771974000,xrp-15min-up-or-down-2026-02-24-18:00,tick_size:0.001->0.001,SKIP,Duplicate signal (tick_size unchanged at 0.001),,,,,,Gamma,
2026-02-24 18:11:29.638,1771974689638,xrp-updown-15m-1771974000,xrp-15min-up-or-down-2026-02-24-18:00,tick_size:0.001->0.001,SKIP,Duplicate signal (tick_size unchanged at 0.001),,,,,,Gamma,
2026-02-24 18:12:32.746,1771974752746,btc-updown-15m-1771974000,btc-15min-up-or-down-2026-02-24-18:00,tick_size:0.01->0.001,TRADE,Signal & Price eligibility met,Down,0.9900,0.950,0.999,unknown,WebSocket,Up:0.535*|Down:0.990*
2026-02-24 18:12:33.132,1771974753132,btc-updown-15m-1771974000,btc-15min-up-or-down-2026-02-24-18:00,tick_size:0.01->0.001,SKIP,DEDUP: Already ordered this market this session,Down,0.9900,0.950,,,WebSocket,Up:0.535*|Down:0.990*
2026-02-24 18:12:33.135,1771974753135,btc-updown-15m-1771974000,btc-15min-up-or-down-2026-02-24-18:00,tick_size:0.001->0.001,SKIP,Duplicate signal (tick_size unchanged at 0.001),,,,,,Gamma,
2026-02-24 18:12:33.136,1771974753136,btc-updown-15m-1771974000,btc-15min-up-or-down-2026-02-24-18:00,tick_size:0.001->0.001,SKIP,Duplicate signal (tick_size unchanged at 0.001),,,,,,Gamma,
2026-02-24 18:15:41.974,1771974941974,sol-updown-15m-1771974000,sol-15min-up-or-down-2026-02-24-18:00,tick_size:0.01->0.001,TRADE,Signal & Price eligibility met,Up,0.9900,0.950,0.999,unknown,WebSocket,Up:0.990*|Down:0.720*
2026-02-24 18:15:42.252,1771974942252,sol-updown-15m-1771974000,sol-15min-up-or-down-2026-02-24-18:00,tick_size:0.01->0.001,SKIP,DEDUP: Already ordered this market this session,Up,0.9900,0.950,,,WebSocket,Up:0.990*|Down:0.720*
2026-02-24 18:15:42.253,1771974942253,sol-updown-15m-1771974000,sol-15min-up-or-down-2026-02-24-18:00,tick_size:0.001->0.001,SKIP,Duplicate signal (tick_size unchanged at 0.001),,,,,,Gamma,
2026-02-24 18:15:42.254,1771974942254,sol-updown-15m-1771974000,sol-15min-up-or-down-2026-02-24-18:00,tick_size:0.001->0.001,SKIP,Duplicate signal (tick_size unchanged at 0.001),,,,,,Gamma,
2026-02-24 18:15:43.407,1771974943407,btc-updown-5m-1771974600,btc-5min-up-or-down-2026-02-24-18:10,tick_size:0.01->0.001,TRADE,Signal & Price eligibility met,Up,0.9900,0.950,0.999,unknown,WebSocket,Up:0.990*|Down:0.505*
2026-02-24 18:15:43.709,1771974943709,btc-updown-5m-1771974600,btc-5min-up-or-down-2026-02-24-18:10,tick_size:0.01->0.001,SKIP,DEDUP: Already ordered this market this session,Up,0.9900,0.950,,,WebSocket,Up:0.990*|Down:0.505*
2026-02-24 18:15:43.710,1771974943710,btc-updown-5m-1771974600,btc-5min-up-or-down-2026-02-24-18:10,tick_size:0.001->0.001,SKIP,Duplicate signal (tick_size unchanged at 0.001),,,,,,Gamma,
2026-02-24 18:15:43.710,1771974943710,btc-updown-5m-1771974600,btc-5min-up-or-down-2026-02-24-18:10,tick_size:0.001->0.001,SKIP,Duplicate signal (tick_size unchanged at 0.001),,,,,,Gamma,
2026-02-24 18:15:45.813,1771974945813,xrp-updown-5m-1771974600,xrp-5min-up-or-down-2026-02-24-18:10,tick_size:0.01->0.001,TRADE,Signal & Price eligibility met,Up,0.9900,0.950,0.999,unknown,WebSocket,Up:0.990*|Down:0.495*
2026-02-24 18:15:46.468,1771974946468,xrp-updown-5m-1771974600,xrp-5min-up-or-down-2026-02-24-18:10,tick_size:0.01->0.001,SKIP,DEDUP: Already ordered this market this session,Up,0.9900,0.950,,,WebSocket,Up:0.990*|Down:0.495*
2026-02-24 18:15:46.469,1771974946469,xrp-updown-5m-1771974600,xrp-5min-up-or-down-2026-02-24-18:10,tick_size:0.001->0.001,SKIP,Duplicate signal (tick_size unchanged at 0.001),,,,,,Gamma,
2026-02-24 18:15:46.469,1771974946469,xrp-updown-5m-1771974600,xrp-5min-up-or-down-2026-02-24-18:10,tick_size:0.001->0.001,SKIP,Duplicate signal (tick_size unchanged at 0.001),,,,,,Gamma,
2026-02-24 18:16:41.975,1771975001975,sol-updown-5m-1771974600,sol-5min-up-or-down-2026-02-24-18:10,tick_size:0.01->0.001,TRADE,Signal & Price eligibility met,Up,0.9900,0.950,0.999,unknown,WebSocket,Up:0.990*|Down:0.495*
2026-02-24 18:16:42.256,1771975002256,sol-updown-5m-1771974600,sol-5min-up-or-down-2026-02-24-18:10,tick_size:0.01->0.001,SKIP,DEDUP: Already ordered this market this session,Up,0.9900,0.950,,,WebSocket,Up:0.990*|Down:0.495*
2026-02-24 18:16:42.256,1771975002256,sol-updown-5m-1771974600,sol-5min-up-or-down-2026-02-24-18:10,tick_size:0.001->0.001,SKIP,Duplicate signal (tick_size unchanged at 0.001),,,,,,Gamma,
2026-02-24 18:16:42.257,1771975002257,sol-updown-5m-1771974600,sol-5min-up-or-down-2026-02-24-18:10,tick_size:0.001->0.001,SKIP,Duplicate signal (tick_size unchanged at 0.001),,,,,,Gamma,
2026-02-24 18:28:56.297,1771975736297,xrp-updown-15m-1771974900,xrp-15min-up-or-down-2026-02-24-18:15,tick_size:0.01->0.001,TRADE,Signal & Price eligibility met,Up,0.9800,0.950,0.999,unknown,WebSocket,Up:0.980*|Down:0.475*
2026-02-24 18:28:56.592,1771975736592,xrp-updown-15m-1771974900,xrp-15min-up-or-down-2026-02-24-18:15,tick_size:0.01->0.001,SKIP,DEDUP: Already ordered this market this session,Up,0.9800,0.950,,,WebSocket,Up:0.980*|Down:0.475*
2026-02-24 18:28:56.593,1771975736593,xrp-updown-15m-1771974900,xrp-15min-up-or-down-2026-02-24-18:15,tick_size:0.001->0.001,SKIP,Duplicate signal (tick_size unchanged at 0.001),,,,,,Gamma,
2026-02-24 18:28:56.594,1771975736594,xrp-updown-15m-1771974900,xrp-15min-up-or-down-2026-02-24-18:15,tick_size:0.001->0.001,SKIP,Duplicate signal (tick_size unchanged at 0.001),,,,,,Gamma,
2026-02-24 18:42:15.750,1771976535750,btc-updown-5m-1771976100,btc-5min-up-or-down-2026-02-24-18:35,tick_size:0.01->0.001,SKIP,DEDUP: Already ordered this market this session,Up,0.9900,0.950,,,WebSocket,Up:0.990*|Down:0.500*
2026-02-24 18:42:16.664,1771976536664,btc-updown-5m-1771976100,btc-5min-up-or-down-2026-02-24-18:35,tick_size:0.01->0.001,SKIP,DEDUP: Already ordered this market this session,Up,0.9900,0.950,,,WebSocket,Up:0.990*|Down:0.500*
2026-02-24 18:42:16.665,1771976536665,btc-updown-5m-1771976100,btc-5min-up-or-down-2026-02-24-18:35,tick_size:0.001->0.001,SKIP,Duplicate signal (tick_size unchanged at 0.001),,,,,,Gamma,
2026-02-24 18:42:16.665,1771976536665,btc-updown-5m-1771976100,btc-5min-up-or-down-2026-02-24-18:35,tick_size:0.001->0.001,SKIP,Duplicate signal (tick_size unchanged at 0.001),,,,,,Gamma,
2026-02-24 18:43:18.117,1771976598117,xrp-updown-15m-1771975800,xrp-15min-up-or-down-2026-02-24-18:30,tick_size:0.01->0.001,SKIP,Price 0.8600 below threshold 0.95,Up,0.8600,0.950,,,WebSocket,Up:0.860*|Down:0.080*
2026-02-24 18:43:18.279,1771976598279,xrp-updown-15m-1771975800,xrp-15min-up-or-down-2026-02-24-18:30,tick_size:0.01->0.001,SKIP,Price 0.8600 below threshold 0.95,Up,0.8600,0.950,,,WebSocket,Up:0.860*|Down:0.080*
2026-02-24 18:43:18.281,1771976598281,xrp-updown-15m-1771975800,xrp-15min-up-or-down-2026-02-24-18:30,tick_size:0.001->0.001,SKIP,Duplicate signal (tick_size unchanged at 0.001),,,,,,Gamma,
2026-02-24 18:43:18.281,1771976598281,xrp-updown-15m-1771975800,xrp-15min-up-or-down-2026-02-24-18:30,tick_size:0.001->0.001,SKIP,Duplicate signal (tick_size unchanged at 0.001),,,,,,Gamma,
2026-02-24 18:46:23.099,1771976783099,btc-updown-15m-1771975800,btc-15min-up-or-down-2026-02-24-18:30,tick_size:0.01->0.001,TRADE,Signal & Price eligibility met,Down,0.9900,0.950,0.999,unknown,WebSocket,Up:0.420*|Down:0.990*
2026-02-24 18:46:23.726,1771976783726,btc-updown-15m-1771975800,btc-15min-up-or-down-2026-02-24-18:30,tick_size:0.01->0.001,SKIP,DEDUP: Already ordered this market this session,Down,0.9900,0.950,,,WebSocket,Up:0.420*|Down:0.990*
2026-02-24 18:46:23.728,1771976783728,btc-updown-15m-1771975800,btc-15min-up-or-down-2026-02-24-18:30,tick_size:0.001->0.001,SKIP,Duplicate signal (tick_size unchanged at 0.001),,,,,,Gamma,
2026-02-24 18:46:23.730,1771976783730,btc-updown-15m-1771975800,btc-15min-up-or-down-2026-02-24-18:30,tick_size:0.001->0.001,SKIP,Duplicate signal (tick_size unchanged at 0.001),,,,,,Gamma,
2026-02-24 18:46:24.873,1771976784873,btc-updown-5m-1771976400,btc-5min-up-or-down-2026-02-24-18:40,tick_size:0.01->0.001,TRADE,Signal & Price eligibility met,Down,0.9900,0.950,0.999,unknown,WebSocket,Up:0.495*|Down:0.990*
2026-02-24 18:46:25.218,1771976785218,btc-updown-5m-1771976400,btc-5min-up-or-down-2026-02-24-18:40,tick_size:0.01->0.001,SKIP,DEDUP: Already ordered this market this session,Down,0.9900,0.950,,,WebSocket,Up:0.495*|Down:0.990*
2026-02-24 18:46:25.219,1771976785219,btc-updown-5m-1771976400,btc-5min-up-or-down-2026-02-24-18:40,tick_size:0.001->0.001,SKIP,Duplicate signal (tick_size unchanged at 0.001),,,,,,Gamma,
2026-02-24 18:46:25.219,1771976785219,btc-updown-5m-1771976400,btc-5min-up-or-down-2026-02-24-18:40,tick_size:0.001->0.001,SKIP,Duplicate signal (tick_size unchanged at 0.001),,,,,,Gamma,
2026-02-24 18:56:39.713,1771977399713,eth-updown-15m-1771976700,eth-15min-up-or-down-2026-02-24-18:45,tick_size:0.01->0.001,TRADE,Signal & Price eligibility met,Down,0.9900,0.950,0.999,unknown,WebSocket,Up:0.475*|Down:0.990*
2026-02-24 18:56:40.048,1771977400048,eth-updown-15m-1771976700,eth-15min-up-or-down-2026-02-24-18:45,tick_size:0.01->0.001,SKIP,DEDUP: Already ordered this market this session,Down,0.9900,0.950,,,WebSocket,Up:0.475*|Down:0.990*
2026-02-24 18:56:40.049,1771977400049,eth-updown-15m-1771976700,eth-15min-up-or-down-2026-02-24-18:45,tick_size:0.001->0.001,SKIP,Duplicate signal (tick_size unchanged at 0.001),,,,,,Gamma,
2026-02-24 18:56:40.050,1771977400050,eth-updown-15m-1771976700,eth-15min-up-or-down-2026-02-24-18:45,tick_size:0.001->0.001,SKIP,Duplicate signal (tick_size unchanged at 0.001),,,,,,Gamma,
2026-02-24 18:56:41.200,1771977401200,btc-updown-15m-1771976700,btc-15min-up-or-down-2026-02-24-18:45,tick_size:0.01->0.001,TRADE,Signal & Price eligibility met,Down,0.9500,0.950,0.999,unknown,WebSocket,Up:0.030*|Down:0.950*
2026-02-24 18:56:41.575,1771977401575,btc-updown-15m-1771976700,btc-15min-up-or-down-2026-02-24-18:45,tick_size:0.01->0.001,SKIP,DEDUP: Already ordered this market this session,Down,0.9500,0.950,,,WebSocket,Up:0.030*|Down:0.950*
2026-02-24 18:56:41.576,1771977401576,btc-updown-15m-1771976700,btc-15min-up-or-down-2026-02-24-18:45,tick_size:0.001->0.001,SKIP,Duplicate signal (tick_size unchanged at 0.001),,,,,,Gamma,
2026-02-24 18:56:41.576,1771977401576,btc-updown-15m-1771976700,btc-15min-up-or-down-2026-02-24-18:45,tick_size:0.001->0.001,SKIP,Duplicate signal (tick_size unchanged at 0.001),,,,,,Gamma,
2026-02-24 18:57:42.812,1771977462812,sol-updown-15m-1771976700,sol-15min-up-or-down-2026-02-24-18:45,tick_size:0.01->0.001,TRADE,Signal & Price eligibility met,Down,0.9900,0.950,0.999,unknown,WebSocket,Up:0.055*|Down:0.990*
2026-02-24 18:57:43.162,1771977463162,sol-updown-15m-1771976700,sol-15min-up-or-down-2026-02-24-18:45,tick_size:0.01->0.001,SKIP,DEDUP: Already ordered this market this session,Down,0.9900,0.950,,,WebSocket,Up:0.055*|Down:0.990*
2026-02-24 18:57:43.164,1771977463164,sol-updown-15m-1771976700,sol-15min-up-or-down-2026-02-24-18:45,tick_size:0.001->0.001,SKIP,Duplicate signal (tick_size unchanged at 0.001),,,,,,Gamma,
2026-02-24 18:57:43.165,1771977463165,sol-updown-15m-1771976700,sol-15min-up-or-down-2026-02-24-18:45,tick_size:0.001->0.001,SKIP,Duplicate signal (tick_size unchanged at 0.001),,,,,,Gamma,
2026-02-24 19:16:24.794,1771978584794,btc-updown-15m-1771977600,btc-15min-up-or-down-2026-02-24-19:00,tick_size:0.01->0.001,TRADE,Signal & Price eligibility met,Down,0.9900,0.950,0.999,unknown,WebSocket,Up:0.525*|Down:0.990*
2026-02-24 19:16:25.144,1771978585144,btc-updown-15m-1771977600,btc-15min-up-or-down-2026-02-24-19:00,tick_size:0.01->0.001,SKIP,DEDUP: Already ordered this market this session,Down,0.9900,0.950,,,WebSocket,Up:0.525*|Down:0.990*
2026-02-24 19:16:25.148,1771978585148,btc-updown-15m-1771977600,btc-15min-up-or-down-2026-02-24-19:00,tick_size:0.001->0.001,SKIP,Duplicate signal (tick_size unchanged at 0.001),,,,,,Gamma,
2026-02-24 19:16:25.149,1771978585149,btc-updown-15m-1771977600,btc-15min-up-or-down-2026-02-24-19:00,tick_size:0.001->0.001,SKIP,Duplicate signal (tick_size unchanged at 0.001),,,,,,Gamma,
2026-02-24 19:16:26.170,1771978586170,xrp-updown-15m-1771977600,xrp-15min-up-or-down-2026-02-24-19:00,tick_size:0.01->0.001,TRADE,Signal & Price eligibility met,Down,0.9900,0.950,0.999,unknown,WebSocket,Up:0.495*|Down:0.990*
2026-02-24 19:16:26.525,1771978586525,xrp-updown-15m-1771977600,xrp-15min-up-or-down-2026-02-24-19:00,tick_size:0.01->0.001,SKIP,DEDUP: Already ordered this market this session,Down,0.9900,0.950,,,WebSocket,Up:0.495*|Down:0.990*
2026-02-24 19:16:26.526,1771978586526,xrp-updown-15m-1771977600,xrp-15min-up-or-down-2026-02-24-19:00,tick_size:0.001->0.001,SKIP,Duplicate signal (tick_size unchanged at 0.001),,,,,,Gamma,
2026-02-24 19:16:26.526,1771978586526,xrp-updown-15m-1771977600,xrp-15min-up-or-down-2026-02-24-19:00,tick_size:0.001->0.001,SKIP,Duplicate signal (tick_size unchanged at 0.001),,,,,,Gamma,
2026-02-24 19:28:45.763,1771979325763,btc-updown-15m-1771978500,btc-15min-up-or-down-2026-02-24-19:15,tick_size:0.01->0.001,TRADE,Signal & Price eligibility met,Up,0.9500,0.950,0.999,unknown,WebSocket,Up:0.950*|Down:0.040*
2026-02-24 19:28:46.054,1771979326054,btc-updown-15m-1771978500,btc-15min-up-or-down-2026-02-24-19:15,tick_size:0.01->0.001,SKIP,DEDUP: Already ordered this market this session,Up,0.9500,0.950,,,WebSocket,Up:0.950*|Down:0.040*
2026-02-24 19:28:46.055,1771979326055,btc-updown-15m-1771978500,btc-15min-up-or-down-2026-02-24-19:15,tick_size:0.001->0.001,SKIP,Duplicate signal (tick_size unchanged at 0.001),,,,,,Gamma,
2026-02-24 19:28:46.055,1771979326055,btc-updown-15m-1771978500,btc-15min-up-or-down-2026-02-24-19:15,tick_size:0.001->0.001,SKIP,Duplicate signal (tick_size unchanged at 0.001),,,,,,Gamma,
2026-02-24 19:31:49.718,1771979509718,eth-updown-15m-1771978500,eth-15min-up-or-down-2026-02-24-19:15,tick_size:0.01->0.001,TRADE,Signal & Price eligibility met,Down,0.9900,0.950,0.999,unknown,WebSocket,Up:0.505*|Down:0.990*
2026-02-24 19:31:53.083,1771979513083,eth-updown-15m-1771978500,eth-15min-up-or-down-2026-02-24-19:15,tick_size:0.01->0.001,SKIP,DEDUP: Already ordered this market this session,Down,0.9900,0.950,,,WebSocket,Up:0.505*|Down:0.990*
2026-02-24 19:31:53.084,1771979513084,eth-updown-15m-1771978500,eth-15min-up-or-down-2026-02-24-19:15,tick_size:0.001->0.001,SKIP,Duplicate signal (tick_size unchanged at 0.001),,,,,,Gamma,
2026-02-24 19:31:53.086,1771979513086,eth-updown-15m-1771978500,eth-15min-up-or-down-2026-02-24-19:15,tick_size:0.001->0.001,SKIP,Duplicate signal (tick_size unchanged at 0.001),,,,,,Gamma,
2026-02-24 19:31:54.272,1771979514272,sol-updown-15m-1771978500,sol-15min-up-or-down-2026-02-24-19:15,tick_size:0.01->0.001,TRADE,Signal & Price eligibility met,Down,0.9900,0.950,0.999,unknown,WebSocket,Up:0.505*|Down:0.990*
2026-02-24 19:31:54.614,1771979514614,sol-updown-15m-1771978500,sol-15min-up-or-down-2026-02-24-19:15,tick_size:0.01->0.001,SKIP,DEDUP: Already ordered this market this session,Down,0.9900,0.950,,,WebSocket,Up:0.505*|Down:0.990*
2026-02-24 19:31:54.614,1771979514614,sol-updown-15m-1771978500,sol-15min-up-or-down-2026-02-24-19:15,tick_size:0.001->0.001,SKIP,Duplicate signal (tick_size unchanged at 0.001),,,,,,Gamma,
2026-02-24 19:31:54.614,1771979514614,sol-updown-15m-1771978500,sol-15min-up-or-down-2026-02-24-19:15,tick_size:0.001->0.001,SKIP,Duplicate signal (tick_size unchanged at 0.001),,,,,,Gamma,
2026-02-24 19:36:53.901,1771979813901,xrp-updown-5m-1771979400,xrp-5min-up-or-down-2026-02-24-19:30,tick_size:0.01->0.001,TRADE,Signal & Price eligibility met,Up,0.9900,0.950,0.999,unknown,WebSocket,Up:0.990*|Down:0.500*
2026-02-24 19:36:54.206,1771979814206,xrp-updown-5m-1771979400,xrp-5min-up-or-down-2026-02-24-19:30,tick_size:0.01->0.001,SKIP,DEDUP: Already ordered this market this session,Up,0.9900,0.950,,,WebSocket,Up:0.990*|Down:0.500*
2026-02-24 19:36:54.206,1771979814206,xrp-updown-5m-1771979400,xrp-5min-up-or-down-2026-02-24-19:30,tick_size:0.001->0.001,SKIP,Duplicate signal (tick_size unchanged at 0.001),,,,,,Gamma,
2026-02-24 19:36:54.206,1771979814206,xrp-updown-5m-1771979400,xrp-5min-up-or-down-2026-02-24-19:30,tick_size:0.001->0.001,SKIP,Duplicate signal (tick_size unchanged at 0.001),,,,,,Gamma,
2026-02-24 19:36:56.353,1771979816353,btc-updown-5m-1771979400,btc-5min-up-or-down-2026-02-24-19:30,tick_size:0.01->0.001,TRADE,Signal & Price eligibility met,Up,0.9900,0.950,0.999,unknown,WebSocket,Up:0.990*|Down:0.505*
2026-02-24 19:36:56.687,1771979816687,btc-updown-5m-1771979400,btc-5min-up-or-down-2026-02-24-19:30,tick_size:0.01->0.001,SKIP,DEDUP: Already ordered this market this session,Up,0.9900,0.950,,,WebSocket,Up:0.990*|Down:0.505*
2026-02-24 19:36:56.687,1771979816687,btc-updown-5m-1771979400,btc-5min-up-or-down-2026-02-24-19:30,tick_size:0.001->0.001,SKIP,Duplicate signal (tick_size unchanged at 0.001),,,,,,Gamma,
2026-02-24 19:36:56.687,1771979816687,btc-updown-5m-1771979400,btc-5min-up-or-down-2026-02-24-19:30,tick_size:0.001->0.001,SKIP,Duplicate signal (tick_size unchanged at 0.001),,,,,,Gamma,
2026-02-24 19:40:01.911,1771980001911,btc-updown-15m-1771979400,btc-15min-up-or-down-2026-02-24-19:30,tick_size:0.01->0.001,TRADE,Signal & Price eligibility met,Up,0.9900,0.950,0.999,unknown,WebSocket,Up:0.990*|Down:0.505*
2026-02-24 19:40:02.228,1771980002228,btc-updown-15m-1771979400,btc-15min-up-or-down-2026-02-24-19:30,tick_size:0.01->0.001,SKIP,DEDUP: Already ordered this market this session,Up,0.9900,0.950,,,WebSocket,Up:0.990*|Down:0.505*
2026-02-24 19:40:02.229,1771980002229,btc-updown-15m-1771979400,btc-15min-up-or-down-2026-02-24-19:30,tick_size:0.001->0.001,SKIP,Duplicate signal (tick_size unchanged at 0.001),,,,,,Gamma,
2026-02-24 19:40:02.230,1771980002230,btc-updown-15m-1771979400,btc-15min-up-or-down-2026-02-24-19:30,tick_size:0.001->0.001,SKIP,Duplicate signal (tick_size unchanged at 0.001),,,,,,Gamma,
2026-02-24 19:40:03.219,1771980003219,xrp-updown-15m-1771979400,xrp-15min-up-or-down-2026-02-24-19:30,tick_size:0.01->0.001,TRADE,Signal & Price eligibility met,Up,0.9700,0.950,0.999,unknown,WebSocket,Up:0.970*|Down:0.010*
2026-02-24 19:40:03.541,1771980003541,xrp-updown-15m-1771979400,xrp-15min-up-or-down-2026-02-24-19:30,tick_size:0.01->0.001,SKIP,DEDUP: Already ordered this market this session,Up,0.9700,0.950,,,WebSocket,Up:0.970*|Down:0.010*
2026-02-24 19:40:03.542,1771980003542,xrp-updown-15m-1771979400,xrp-15min-up-or-down-2026-02-24-19:30,tick_size:0.001->0.001,SKIP,Duplicate signal (tick_size unchanged at 0.001),,,,,,Gamma,
2026-02-24 19:40:03.542,1771980003542,xrp-updown-15m-1771979400,xrp-15min-up-or-down-2026-02-24-19:30,tick_size:0.001->0.001,SKIP,Duplicate signal (tick_size unchanged at 0.001),,,,,,Gamma,
2026-02-24 19:40:04.609,1771980004609,xrp-updown-5m-1771979700,xrp-5min-up-or-down-2026-02-24-19:35,tick_size:0.01->0.001,TRADE,Signal & Price eligibility met,Up,0.9900,0.950,0.999,unknown,WebSocket,Up:0.990*|Down:0.500*
2026-02-24 19:40:04.905,1771980004905,xrp-updown-5m-1771979700,xrp-5min-up-or-down-2026-02-24-19:35,tick_size:0.01->0.001,SKIP,DEDUP: Already ordered this market this session,Up,0.9900,0.950,,,WebSocket,Up:0.990*|Down:0.500*
2026-02-24 19:40:04.905,1771980004905,xrp-updown-5m-1771979700,xrp-5min-up-or-down-2026-02-24-19:35,tick_size:0.001->0.001,SKIP,Duplicate signal (tick_size unchanged at 0.001),,,,,,Gamma,
2026-02-24 19:40:04.906,1771980004906,xrp-updown-5m-1771979700,xrp-5min-up-or-down-2026-02-24-19:35,tick_size:0.001->0.001,SKIP,Duplicate signal (tick_size unchanged at 0.001),,,,,,Gamma,
2026-02-24 19:42:05.926,1771980125926,sol-updown-15m-1771979400,sol-15min-up-or-down-2026-02-24-19:30,tick_size:0.01->0.001,TRADE,Signal & Price eligibility met,Up,0.9800,0.950,0.999,unknown,WebSocket,Up:0.980*|Down:0.010*
2026-02-24 19:42:06.263,1771980126263,sol-updown-15m-1771979400,sol-15min-up-or-down-2026-02-24-19:30,tick_size:0.01->0.001,SKIP,DEDUP: Already ordered this market this session,Up,0.9800,0.950,,,WebSocket,Up:0.980*|Down:0.010*
2026-02-24 19:42:06.263,1771980126263,sol-updown-15m-1771979400,sol-15min-up-or-down-2026-02-24-19:30,tick_size:0.001->0.001,SKIP,Duplicate signal (tick_size unchanged at 0.001),,,,,,Gamma,
2026-02-24 19:42:06.264,1771980126264,sol-updown-15m-1771979400,sol-15min-up-or-down-2026-02-24-19:30,tick_size:0.001->0.001,SKIP,Duplicate signal (tick_size unchanged at 0.001),,,,,,Gamma,
2026-02-24 19:42:07.374,1771980127374,eth-updown-15m-1771979400,eth-15min-up-or-down-2026-02-24-19:30,tick_size:0.01->0.001,TRADE,Signal & Price eligibility met,Up,0.9900,0.950,0.999,unknown,WebSocket,Up:0.990*|Down:0.495*
2026-02-24 19:42:07.703,1771980127703,eth-updown-15m-1771979400,eth-15min-up-or-down-2026-02-24-19:30,tick_size:0.01->0.001,SKIP,DEDUP: Already ordered this market this session,Up,0.9900,0.950,,,WebSocket,Up:0.990*|Down:0.495*
2026-02-24 19:42:07.704,1771980127704,eth-updown-15m-1771979400,eth-15min-up-or-down-2026-02-24-19:30,tick_size:0.001->0.001,SKIP,Duplicate signal (tick_size unchanged at 0.001),,,,,,Gamma,
2026-02-24 19:42:07.704,1771980127704,eth-updown-15m-1771979400,eth-15min-up-or-down-2026-02-24-19:30,tick_size:0.001->0.001,SKIP,Duplicate signal (tick_size unchanged at 0.001),,,,,,Gamma,
2026-02-24 19:45:12.858,1771980312858,eth-updown-5m-1771980000,eth-5min-up-or-down-2026-02-24-19:40,tick_size:0.01->0.001,TRADE,Signal & Price eligibility met,Up,0.9900,0.950,0.999,unknown,WebSocket,Up:0.990*|Down:0.505*
2026-02-24 19:45:13.194,1771980313194,eth-updown-5m-1771980000,eth-5min-up-or-down-2026-02-24-19:40,tick_size:0.01->0.001,SKIP,DEDUP: Already ordered this market this session,Up,0.9900,0.950,,,WebSocket,Up:0.990*|Down:0.505*
2026-02-24 19:45:13.194,1771980313194,eth-updown-5m-1771980000,eth-5min-up-or-down-2026-02-24-19:40,tick_size:0.001->0.001,SKIP,Duplicate signal (tick_size unchanged at 0.001),,,,,,Gamma,
2026-02-24 19:45:13.194,1771980313194,eth-updown-5m-1771980000,eth-5min-up-or-down-2026-02-24-19:40,tick_size:0.001->0.001,SKIP,Duplicate signal (tick_size unchanged at 0.001),,,,,,Gamma,
2026-02-24 19:51:28.391,1771980688391,eth-updown-5m-1771980300,eth-5min-up-or-down-2026-02-24-19:45,tick_size:0.01->0.001,TRADE,Signal & Price eligibility met,Down,0.9900,0.950,0.999,unknown,WebSocket,Up:0.495*|Down:0.990*
2026-02-24 19:51:28.732,1771980688732,eth-updown-5m-1771980300,eth-5min-up-or-down-2026-02-24-19:45,tick_size:0.01->0.001,SKIP,DEDUP: Already ordered this market this session,Down,0.9900,0.950,,,WebSocket,Up:0.495*|Down:0.990*
2026-02-24 19:51:28.732,1771980688732,eth-updown-5m-1771980300,eth-5min-up-or-down-2026-02-24-19:45,tick_size:0.001->0.001,SKIP,Duplicate signal (tick_size unchanged at 0.001),,,,,,Gamma,
2026-02-24 19:51:28.733,1771980688733,eth-updown-5m-1771980300,eth-5min-up-or-down-2026-02-24-19:45,tick_size:0.001->0.001,SKIP,Duplicate signal (tick_size unchanged at 0.001),,,,,,Gamma,
2026-02-24 19:51:29.770,1771980689770,sol-updown-5m-1771980300,sol-5min-up-or-down-2026-02-24-19:45,tick_size:0.01->0.001,TRADE,Signal & Price eligibility met,Down,0.9900,0.950,0.999,unknown,WebSocket,Up:0.505*|Down:0.990*
2026-02-24 19:51:30.107,1771980690107,sol-updown-5m-1771980300,sol-5min-up-or-down-2026-02-24-19:45,tick_size:0.01->0.001,SKIP,DEDUP: Already ordered this market this session,Down,0.9900,0.950,,,WebSocket,Up:0.505*|Down:0.990*
2026-02-24 19:51:30.107,1771980690107,sol-updown-5m-1771980300,sol-5min-up-or-down-2026-02-24-19:45,tick_size:0.001->0.001,SKIP,Duplicate signal (tick_size unchanged at 0.001),,,,,,Gamma,
2026-02-24 19:51:30.108,1771980690108,sol-updown-5m-1771980300,sol-5min-up-or-down-2026-02-24-19:45,tick_size:0.001->0.001,SKIP,Duplicate signal (tick_size unchanged at 0.001),,,,,,Gamma,
